[{"Pressed": "Key.shift"}, {"Held": "Key.shift"}, {"Held": "'H'"}, {"Released": "'H'"}, {"Released": "Key.shift"}, {"Pressed": "'i'"}, {"Held": "'i'"}, {"Released": "'i'"}, {"Pressed": "'i'"}, {"Held": "'i'"}, {"Released": "'i'"}, {"Pressed": "Key.enter"}, {"Held": "Key.enter"}, {"Released": "Key.enter"}, {"Pressed": "Key.shift"}, {"Held": "Key.shift"}, {"Held": "'H'"}, {"Released": "Key.shift"}, {"Released": "'h'"}, {"Pressed": "'e'"}, {"Held": "'e'"}, {"Released": "'e'"}, {"Pressed": "'l'"}, {"Held": "'l'"}, {"Released": "'l'"}, {"Pressed": "'l'"}, {"Held": "'l'"}, {"Released": "'l'"}, {"Pressed": "'o'"}, {"Held": "'o'"}, {"Released": "'o'"}, {"Pressed": "Key.enter"}, {"Held": "Key.enter"}, {"Released": "Key.enter"}, {"Pressed": "Key.shift"}, {"Held": "Key.shift"}, {"Held": "'H'"}, {"Released": "Key.shift"}, {"Released": "'h'"}, {"Pressed": "'o'"}, {"Held": "'o'"}, {"Released": "'o'"}, {"Pressed": "'w'"}, {"Held": "'w'"}, {"Released": "'w'"}, {"Pressed": "Key.space"}, {"Held": "Key.space"}, {"Released": "Key.space"}, {"Pressed": "'a'"}, {"Held": "'a'"}, {"Released": "'a'"}, {"Pressed": "'r'"}, {"Held": "'r'"}, {"Held": "'e'"}, {"Released": "'r'"}, {"Released": "'e'"}, {"Pressed": "Key.space"}, {"Held": "Key.space"}, {"Released": "Key.space"}, {"Pressed": "'y'"}, {"Held": "'y'"}, {"Released": "'y'"}, {"Pressed": "'o'"}, {"Held": "'o'"}, {"Released": "'o'"}, {"Pressed": "'u'"}, {"Held": "'u'"}, {"Released": "'u'"}, {"Pressed": "Key.shift"}, {"Held": "Key.shift"}, {"Held": "'?'"}, {"Released": "'?'"}, {"Released": "Key.shift"}, {"Pressed": "Key.ctrl_l"}, {"Held": "Key.ctrl_l"}, {"Held": "Key.ctrl_l"}, {"Held": "Key.ctrl_l"}, {"Held": "Key.ctrl_l"}, {"Held": "Key.ctrl_l"}, {"Held": "Key.ctrl_l"}, {"Held": "Key.ctrl_l"}, {"Held": "Key.ctrl_l"}, {"Held": "Key.ctrl_l"}, {"Held": "Key.ctrl_l"}, {"Held": "Key.ctrl_l"}, {"Held": "Key.ctrl_l"}, {"Held": "Key.ctrl_l"}, {"Held": "Key.ctrl_l"}, {"Held": "Key.ctrl_l"}, {"Held": "Key.ctrl_l"}, {"Held": "Key.ctrl_l"}, {"Held": "Key.ctrl_l"}, {"Held": "Key.ctrl_l"}, {"Held": "Key.ctrl_l"}, {"Held": "Key.ctrl_l"}, {"Held": "Key.ctrl_l"}, {"Held": "Key.ctrl_l"}, {"Held": "Key.ctrl_l"}, {"Held": "Key.ctrl_l"}, {"Held": "Key.ctrl_l"}, {"Released": "Key.ctrl_l"}, {"Pressed": "Key.ctrl_l"}, {"Held": "Key.ctrl_l"}, {"Held": "'\\x13'"}, {"Released": "Key.ctrl_l"}, {"Released": "'s'"}, {"Pressed": "'h'"}, {"Held": "'h'"}, {"Released": "'h'"}, {"Pressed": "'i'"}, {"Held": "'i'"}, {"Released": "'i'"}, {"Pressed": "'i'"}, {"Held": "'i'"}, {"Released": "'i'"}, {"Pressed": "Key.enter"}, {"Held": "Key.enter"}, {"Released": "Key.enter"}]